id_inicio,player_name,team,minute,second,tipo_inicio,num_eventos,progressao_x,duracao_s,terminou_chute,xg_final,sucesso,dist_gol_defensor_proximo,dist_gol_atacante_avancado,diferencial_profundidade,num_defensores_entre_bola_gol,largura_linha_defensiva,dist_bola_gol,superioridade_terco_ofensivo,match_id,atac_fm_nome,atac_fm_sim,atac_match_ok,pace_atacante,acceleration_atacante,stamina_atacante,pace_defensor,acceleration_defensor,diferencial_pace,diferencial_acceleration
020f02c0-eabb-425f-b251-cec1644c8d57,Alphonso Davies,Canada,13,55,Pass,18,103.9,12.0,True,0.27914461,True,95.40216063432514,96.99965541992258,-2.7868312616239095,3.0,16.01633546184474,108.0615565314511,0.0,3857276,Alphonso Davies,1.0,True,19.0,19.0,16.0,14.0,14.25,5.0,4.75
7dace1ef-5a84-4683-a8d8-1244ea3fab77,Mehdi Torabi,Iran,76,15,Pass,8,67.0,5.0,True,0.06202265,False,56.969531646389875,52.561598774546894,3.5494251732768305,3.0,44.40322850783667,67.00604450346252,0.0,3857271,Mehdi Torabi,1.0,True,14.0,14.0,14.0,14.0,13.0,0.0,1.0
54e65e59-2683-49d3-9756-3935b016dafb,Timothy Castagne,Belgium,8,12,Pass,6,19.1,3.0,False,0.0,False,51.27962376019972,52.7501002373193,-1.1275757531627022,6.0,18.06561038873908,70.91015442092902,0.0,3857296,Timothy Castagne,1.0,True,15.0,15.0,15.0,15.0,13.5,0.0,1.5
cd15385d-9c10-418f-8f07-6783a27a4a5f,Andrej Kramarić,Croatia,9,9,Pass,7,36.0,4.0,False,0.0,False,96.26726144574218,102.98188207327344,-6.815979660543256,5.0,16.299978946634454,112.80447686151467,0.0,3857296,Andrej Kramarić,1.0,True,13.0,14.0,16.0,12.25,11.25,0.75,2.75
90603b2c-649b-4859-973f-7ca53c47781f,Kevin De Bruyne,Belgium,12,47,Pass,10,90.1,9.0,True,0.1934709,True,87.11581239149987,90.23314293370514,-6.992849145035109,3.0,53.344997503218835,90.23314246993728,0.0,3857296,Kevin De Bruyne,1.0,True,14.0,15.0,17.0,15.0,13.5,-1.0,1.5
29aa0f44-c497-4ada-be42-537dd358671d,Luka Modrić,Croatia,47,29,Ball Recovery,11,31.2,5.0,False,0.0,False,85.59652411814385,86.70415987687521,-6.996438689519593,3.0,9.806460295537192,96.43780379083712,0.0,3857296,Luka Modrić,1.0,True,13.0,12.0,13.0,12.25,11.25,0.75,0.75
b194afd4-4dee-4140-9e5d-54e1c4311442,Borna Sosa,Croatia,76,44,Ball Recovery,13,81.4,12.0,False,0.0,False,91.96197407018246,82.77470976320808,13.027607364352065,3.0,19.508213439307397,106.64694088439667,0.0,3857296,Borna Sosa,1.0,True,16.0,14.0,13.0,12.25,11.25,3.75,2.75
6385214b-33f3-413b-b960-fa94f3cc7749,Virgil van Dijk,Netherlands,44,25,Pass,12,66.0,9.0,False,0.0,False,88.46927435185269,82.81285118381123,3.7172348131440884,4.0,11.319666070787122,109.24696792131121,0.0,3857274,Virgil van Dijk,1.0,True,16.0,15.0,14.0,14.4,14.2,1.5999999999999996,0.8000000000000007
9080322c-b7c5-4e60-bdb9-f0c5bc2e7a2e,Virgil van Dijk,Netherlands,45,13,Ball Recovery,8,33.099999999999994,4.0,False,0.0,False,104.29780476239242,100.20260764966507,4.20804168762529,1.0,33.63585304524685,110.70072267153454,0.0,3857274,Virgil van Dijk,1.0,True,16.0,15.0,14.0,14.4,14.2,1.5999999999999996,0.8000000000000007
0dec821d-19a9-4482-99c1-45aebebabba0,Andries Noppert,Netherlands,48,43,Goal Keeper,3,116.8,1.0,True,0.790909,True,,,,,,,,3857274,Andries Noppert,1.0,True,7.0,7.0,12.0,14.4,14.2,-7.4,-7.199999999999999
d00a2356-e1f7-495a-a127-7fd2d31ce121,Kaoru Mitoma,Japan,69,43,Interception,5,84.0,7.0,True,0.13121767,True,70.59332036421213,63.18310151578883,3.8151530626557744,5.0,37.63571562664416,87.41647441987122,0.0,3857255,Kaoru Mitoma,1.0,True,15.0,17.0,12.0,12.0,11.0,3.0,6.0
05918dc0-f014-4aa7-a6aa-70fdd830f53d,Maya Yoshida,Japan,82,49,Pass,6,42.2,2.0,False,0.0,False,82.38412107277323,82.26285919472434,-0.3842625302638112,7.0,22.677982246720745,102.83545108570293,0.0,3857255,Maya Yoshida,1.0,True,12.0,10.0,12.0,12.0,11.0,0.0,-1.0
eae937cf-a884-426d-9366-b1ac3dd139e2,Ko Itakura,Japan,83,27,Pass,18,72.19999999999999,12.0,False,0.0,False,72.54292254846074,77.82277741371676,-7.651390215804014,5.0,30.604897956138956,99.47059867116513,0.0,3857255,Kô Itakura,1.0,True,13.0,12.0,15.0,12.0,11.0,1.0,1.0
d42f39b7-b6fd-4f8b-bd6e-d917aacb70f4,Weston McKennie,United States,37,23,Ball Recovery,10,19.5,6.0,False,0.0,False,41.36732933193259,43.941415446442164,-2.6832457249467296,2.0,22.592130334810022,60.25363059600641,-1.0,3857272,Weston McKennie,1.0,True,14.0,14.0,17.0,14.0,13.0,0.0,1.0
7c0ee957-bfef-4389-9474-4b03b440a448,Christian Pulisic,United States,48,5,Ball Recovery,7,69.69999999999999,10.0,True,0.0422633,False,79.4110613680121,79.99029352587158,-0.8313964801172631,2.0,26.28098346997692,85.70630081855126,0.0,3857272,Christian Pulisic,1.0,True,15.0,17.0,14.0,14.0,13.0,1.0,4.0
271b1600-bfb5-4297-a82e-6308acf02088,Jack Grealish,England,91,33,Interception,6,27.10000000000001,6.0,False,0.0,False,43.153734226236494,47.6855513512058,-3.7474675370112465,3.0,36.383987637632245,57.29232060232855,0.0,3857272,Jack Grealish,1.0,True,15.0,15.0,14.0,13.75,13.25,1.25,1.75
298e084d-669a-47b7-88e5-f86e45a623ef,Milad Mohammadi,Iran,16,4,Pass,6,26.5,4.0,False,0.0,False,101.06708789749018,92.52219933090001,5.216705021317658,5.0,46.079763002915115,110.849853405406,0.0,3857278,Milad Mohammadi,1.0,True,14.0,14.0,13.0,14.25,14.25,-0.25,-0.25
a2297f4b-cf3f-4f0f-b5d6-4703b8e3e942,Cameron Carter-Vickers,United States,48,11,Pass,7,69.3,5.0,False,0.0,False,56.29110718777903,61.70854115755079,5.9165976073272475,6.0,15.406342964672497,77.19125598149054,1.0,3857278,Cameron Carter-Vickers,1.0,True,14.0,14.0,15.0,11.75,12.25,2.25,1.75
4e6e0411-49ec-49f1-ac7b-eb47a38db630,Dejan Lovren,Croatia,50,27,Block,5,99.0,2.0,True,0.07962643,False,100.43178361868203,97.0230661000589,3.4051731621953323,1.0,30.209235493142096,101.01980003939822,0.0,3857277,Dejan Lovren,1.0,True,13.0,12.0,13.0,14.0,14.25,-1.0,-2.25
4c6af6d2-8ebb-47be-9586-80717f60ba03,Sardar Azmoun,Iran,19,0,Pass,9,69.8,10.0,True,0.017788952,False,84.33711496476016,84.47535582722467,3.2304390759519777,3.0,29.62985332581882,94.58038908780192,0.0,3857273,Sardar Azmoun,1.0,True,16.0,14.0,14.0,13.0,12.6,3.0,1.4000000000000004
546e3e03-8c8c-49fa-8c3a-77899a3c858c,Ramin Rezaeian,Iran,21,32,Interception,5,33.599999999999994,4.0,False,0.0,False,68.82905984441726,67.79952104906494,-4.999481073821556,5.0,55.99437360180726,77.39767438366607,0.0,3857273,Ramin Rezaeian,1.0,True,13.0,14.0,13.0,13.0,12.6,0.0,1.4000000000000004
4db7efbe-0641-4fc6-81d5-57f2edc78002,Ehsan Hajsafi,Iran,50,48,Duel,10,92.7,10.0,True,0.28799564,True,82.74781750827606,84.895417817552,-1.8019728243914344,2.0,10.490296194133705,93.35887745683321,0.0,3857273,Ehsan Hajsafi,1.0,True,11.0,12.0,13.0,13.0,12.6,-2.0,-0.5999999999999996
979618b4-01fd-4e32-b5d1-e27a2731089b,Wayne Hennessey,Wales,51,9,Goal Keeper,3,113.5,0.0,True,0.21401532,True,,,,,,,,3857273,Wayne Hennessey,1.0,True,11.0,10.0,10.0,11.75,12.25,-0.75,-2.25
aeaaa92f-0d95-489e-ba73-a79024282b4f,Saeid Ezatolahi Afagh,Iran,63,30,Ball Recovery,8,62.7,9.0,True,0.075855605,False,58.7672323950096,64.1079974087472,-5.473972170222758,2.0,18.404864646262034,78.30229881682912,0.0,3857273,Saeid Ezatolahi,0.833,True,12.0,11.0,12.0,13.0,12.6,-1.0,-1.5999999999999996
fbce258d-8601-4ef7-97a4-7ffe7e00b495,Alireza Jahanbakhsh,Iran,83,37,Pass,10,64.80000000000001,6.0,False,0.0,False,94.36854889228546,92.80665148329227,2.1896549455748087,2.0,25.551178696271744,100.3855069220652,0.0,3857273,Alireza Jahanbakhsh,1.0,True,12.0,13.0,11.0,13.0,12.6,-1.0,0.40000000000000036
80095279-e5b4-4a2a-acc5-7cefafa4a240,Mehdi Taremi,Iran,100,27,Ball Recovery,6,73.3,10.0,True,0.19933115,True,66.53484265523245,79.94060209815353,-10.19738781774668,1.0,24.587347021791704,79.94060294994027,0.0,3857273,Mehdi Taremi,1.0,True,13.0,12.0,14.0,13.0,12.6,0.0,-0.5999999999999996
7d6a0c19-dc8c-4dcf-b8f5-14a3491d75d9,Wajdi Kechrida,Tunisia,12,29,Duel,5,20.599999999999994,4.0,False,0.0,False,6.1742358132166055,30.25045776747512,-16.4760218170521,6.0,28.722402145531134,38.778344472140624,-3.0,3857275,Wajdi Kechrida,1.0,True,14.0,14.0,13.0,15.0,14.25,-1.0,-0.25
637ec469-8a1e-4783-8241-2db42971e2ce,Steve Mandanda,France,14,4,Ball Recovery,8,93.0,14.0,False,0.0,False,89.7850694441981,94.08733899781407,-6.711174704792867,7.0,28.980862331807742,116.41391669383863,0.0,3857275,Steve Mandanda,1.0,True,10.0,10.0,10.0,13.4,12.6,-3.4000000000000004,-2.5999999999999996
7a5a1eb2-ba17-4cfb-bcf7-3655cf4a617e,Montassar Omar Talbi,Tunisia,20,7,Duel,7,44.6,6.0,False,0.0,False,81.73490446963446,80.36986262961842,1.4712691661980273,4.0,8.680801450937068,113.94827774038535,0.0,3857275,Montassar Talbi,0.857,True,14.0,12.0,13.0,15.0,14.25,-1.0,-2.25
a72ce9e9-70db-453f-bded-6d34a023e792,Ali Maâloul,Tunisia,41,40,Duel,7,57.199999999999996,7.0,False,0.0,False,44.284131051017674,63.59905384926652,-14.945034394508596,7.0,17.206402422403194,72.43479826713124,0.0,3857275,Ali Maâloul,1.0,True,15.0,15.0,11.0,15.0,14.25,0.0,0.75
462c16cd-7599-410a-831f-f335133c75f3,Ibrahima Konaté,France,63,52,Ball Recovery,6,44.900000000000006,5.0,False,0.0,False,,,,,,,,3857275,Ibrahima Konaté,1.0,True,16.0,14.0,12.0,13.4,12.6,2.5999999999999996,1.4000000000000004
0bdd9c6d-0d40-4fa9-9fe2-ef0449c72c9b,William Saliba,France,69,52,Pass,6,30.9,5.0,False,0.0,False,94.22491881338405,101.45443729502735,-8.58429159532853,4.0,26.545037995774564,118.30760753222931,0.0,3857275,William Saliba,1.0,True,14.0,14.0,14.0,13.4,12.6,0.5999999999999996,1.4000000000000004
b912c110-b6b3-4a33-9ef6-3d058028e429,Chris Mepham,Wales,9,12,Pass,4,21.700000000000003,3.0,False,0.0,False,90.43831009794734,89.2411267975722,1.2675897390096083,1.0,5.212842675752604,92.00347819512042,0.0,3857261,Chris Mepham,1.0,True,12.0,12.0,13.0,15.0,14.5,-3.0,-2.5
9e8b67c8-3e05-4daa-878c-0d3911dbc8ca,Ben Davies,Wales,55,3,Pass,8,42.400000000000006,4.0,True,0.00753591,False,,,,,,,,3857261,Ben Davies,1.0,True,13.0,12.0,16.0,15.0,14.5,-2.0,-2.5
0258230e-1295-4026-aef2-4cd23b36498a,Callum Wilson,England,76,34,Ball Recovery,11,51.2,7.0,True,0.6100251,True,43.37542819033421,51.900767696634404,-9.590417650867408,2.0,27.6690558516611,51.900770707187,0.0,3857261,Callum Wilson,1.0,True,16.0,16.0,14.0,13.25,12.75,2.75,3.25
684a6604-837d-4dc4-b446-59a5f6ccb30d,Ricardo Iván Rodríguez Araya,Switzerland,34,11,Ball Recovery,8,71.8,10.0,False,0.0,False,102.90759359434391,105.68673158157335,-2.9488896881237565,3.0,33.1793811503571,120.70476378337352,0.0,3857290,Ricardo Rodríguez,0.756,True,12.0,13.0,13.0,14.666666666666666,14.0,-2.666666666666666,-1.0
3cfaa627-78b4-4d28-98b4-fadbdb2d3ded,Breel-Donald Embolo,Switzerland,38,59,Pass,8,29.200000000000003,5.0,False,0.0,False,32.711420616375996,39.5294624595933,-8.240392590721214,2.0,14.471963780453184,52.75490498522388,0.0,3857290,Breel Embolo,0.8,True,16.0,14.0,13.0,14.666666666666666,14.0,1.333333333333334,0.0
8575b83b-3f42-4924-928c-0d1d97eb7a75,Ngoran Suiru Fai Collins,Cameroon,63,27,Pass,6,23.1,2.0,False,0.0,False,75.90754768135524,86.09312267781242,-5.111435213468056,3.0,15.460638106409313,93.03461721316427,0.0,3857290,Collins Fai,1.0,True,15.0,15.0,14.0,14.5,13.5,0.5,1.5
c3f06efa-6213-4ba2-a38f-daa1a2b2d0cd,Remo Freuler,Switzerland,75,30,Ball Recovery,10,46.7,11.0,False,0.0,False,95.88776656890948,101.51819447144172,-5.078189082047672,5.0,20.62932296615228,118.16298066653532,0.0,3857290,Remo Freuler,1.0,True,12.0,13.0,16.0,14.666666666666666,14.0,-2.666666666666666,-1.0
5a8a6253-3ba0-464f-8ea3-f913ad6d31de,Silvan Widmer,Switzerland,88,54,Pass,6,41.1,2.0,False,0.0,False,92.7728148617403,100.78538897696755,-8.164735213583981,5.0,14.81269641376322,108.68274932113192,0.0,3857290,Silvan Widmer,1.0,True,15.0,14.0,16.0,14.666666666666666,14.0,0.3333333333333339,0.0
e21a4db1-e6be-4fac-aeba-b5aa4d0703b5,Lawrence Ati-Zigi,Ghana,9,28,Goal Keeper,2,99.2,0.0,False,0.0,False,98.40060890856657,91.00275911372302,7.467299316887548,3.0,17.967243221073467,109.20164833920778,0.0,3857298,Lawrence Zigi,0.897,True,8.0,9.0,8.0,11.5,11.75,-3.5,-2.75
688a0beb-1aae-4fcb-ad0b-c18be1243614,Alexander Djiku,Ghana,23,36,Pass,6,22.9,3.0,False,0.0,False,77.91532562129055,81.90366499525783,-5.8344614407357795,7.0,21.36723099088409,96.71618272037001,0.0,3857298,Alexander Djiku,1.0,True,13.0,13.0,15.0,11.5,11.75,1.5,1.25
a4ad7d2e-216a-4b57-9465-e28ce3b9a668,Youssouf Sabaly,Senegal,12,46,Pass,5,31.799999999999997,4.0,False,0.0,False,,,,,,,,3857285,Youssouf Sabaly,1.0,True,14.0,14.0,15.0,14.2,13.8,-0.1999999999999993,0.1999999999999993
fd34e8bc-ca62-4201-9e2a-0af0c59fdd2a,Walker Zimmerman,United States,35,0,Pass,21,93.8,12.0,True,0.20100605,True,72.44091249506643,70.99965576362641,-0.15704406838885632,4.0,18.929665596998653,95.5493589722087,0.0,3857282,Walker Zimmerman,1.0,True,12.0,10.0,14.0,13.0,12.6,-1.0,-2.5999999999999996
824da744-b4d5-4cf7-9355-fcbad98e4dde,Chris Mepham,Wales,50,8,Duel,11,30.9,7.0,False,0.0,False,,,,,,,,3857282,Chris Mepham,1.0,True,12.0,12.0,13.0,13.75,13.25,-1.75,-1.25
5b2e8b51-e544-4977-8705-41e67d9d4534,Connor Roberts,Wales,88,26,Pass,8,108.60000000000001,10.0,True,0.042556882,False,,,,,,,,3857282,Connor Roberts,1.0,True,12.0,12.0,18.0,13.75,13.25,-1.75,-1.25
29743b4e-cded-4c67-958d-6b1cdc175837,Arkadiusz Milik,Poland,46,56,Pass,6,35.60000000000001,3.0,False,0.0,False,48.99395628062328,54.07057029097375,-5.076715921330475,6.0,24.806435160141564,74.82045174950497,0.0,3857297,Arkadiusz Milik,1.0,True,13.0,14.0,13.0,12.75,11.75,0.25,2.25
3863c19a-eebe-448f-ba2f-ba2e5ed2ece3,Grzegorz Krychowiak,Poland,54,46,Pass,7,61.1,6.0,False,0.0,False,85.6757005601626,95.52327910798834,-7.423961639749315,2.0,21.463547762273496,97.083520743739,0.0,3857297,Grzegorz Krychowiak,1.0,True,12.0,11.0,15.0,12.75,11.75,-0.75,-0.75
5650eab7-adef-47b3-a2d3-88231d71020f,Raphaël Varane,France,18,56,Pass,8,67.7,7.0,False,0.0,False,93.20865456402477,102.27329163195166,-7.40015353269105,3.0,12.049365786120127,107.81507315769906,0.0,3857266,Raphaël Varane,1.0,True,16.0,16.0,15.0,13.2,12.4,2.8000000000000007,3.5999999999999996
6e2676d5-d86d-415c-bfad-a40fb45b6bf9,Joakim Mæhle,Denmark,21,23,Pass,6,17.799999999999997,2.0,False,0.0,False,84.19067098268539,78.98645354902573,5.270247717889617,6.0,34.61884958519903,99.60567252922898,0.0,3857266,Joakim Mæhle,1.0,True,14.0,14.0,17.0,16.25,16.0,-2.25,-2.0
a9c90713-86ef-4dc8-b932-1a647d4ffe55,Antoine Griezmann,France,32,42,Ball Recovery,10,41.900000000000006,6.0,True,0.010852635,False,39.94098413393077,31.675583929537662,-3.5514231228706024,6.0,25.296956092370344,51.56442572161548,-3.0,3857266,Antoine Griezmann,1.0,True,14.0,15.0,13.0,13.2,12.4,0.8000000000000007,2.5999999999999996
37711b9a-c5d4-4128-ac53-d61cd4a184ce,Christian Dannemann Eriksen,Denmark,32,52,Block,7,90.0,3.0,True,0.046849832,False,97.65574346146923,100.77737119141722,-3.437496098165454,3.0,26.409656492876756,101.20316200593734,0.0,3857266,Christian Eriksen,0.773,True,11.0,12.0,15.0,16.25,16.0,-5.25,-4.0
0e3eb2cf-3d43-44af-bf39-838e7be37736,Pierre-Emile Højbjerg,Denmark,35,8,Duel,11,87.7,9.0,True,0.048269883,False,78.96302958502311,78.38007856461697,-0.9222719947510853,3.0,32.44422567989698,89.39004418837705,0.0,3857266,Pierre-Emile Højbjerg,1.0,True,14.0,11.0,20.0,16.25,16.0,-2.25,-5.0
4b614903-b10d-4909-aa90-b251ada9969c,Raphaël Varane,France,47,59,Pass,3,5.299999999999997,1.0,False,0.0,False,37.76303291033837,38.60013129482067,-0.555043940356768,5.0,29.66774735054775,72.63835075220251,1.0,3857266,Raphaël Varane,1.0,True,16.0,16.0,15.0,13.2,12.4,2.8000000000000007,3.5999999999999996
51b878f8-4be7-40b6-82ff-42016b68f11e,Andreas Christensen,Denmark,74,48,Pass,7,25.799999999999997,4.0,False,0.0,False,43.08741490277281,44.06885934090583,-1.8986869333410823,5.0,51.733225288809024,64.27386716232344,-1.0,3857266,Andreas Christensen,1.0,True,15.0,12.0,13.0,16.25,16.0,-1.25,-4.0
905f0e08-20d3-4f96-a7a8-37039e7c13d6,Victor Nelsson,Denmark,91,0,Pass,16,42.800000000000004,10.0,False,0.0,False,52.52207201910616,41.08432677564765,7.837827715689713,5.0,19.91435750915484,71.45362132180566,1.0,3857266,Victor Nelsson,1.0,True,11.0,11.0,14.0,16.25,16.0,-5.25,-5.0
e7b0da85-4f8a-4fb1-abb8-ced3586293a4,Ko Itakura,Japan,0,5,Pass,7,28.599999999999998,4.0,False,0.0,False,75.51654536373857,67.08508027860167,7.167171788056905,5.0,19.279041844234456,98.39451204208494,0.0,3857284,Kô Itakura,1.0,True,13.0,12.0,15.0,14.75,14.0,-1.75,-2.0
2a0b7423-1ad4-4042-8a37-b32bdf49825a,Nico Schlotterbeck,Germany,41,40,Pass,5,27.0,4.0,False,0.0,False,59.68949307106002,49.9902902357404,10.506537799271314,4.0,36.12392207536716,77.54824304908526,0.0,3857284,Nico Schlotterbeck,1.0,True,12.0,12.0,14.0,12.75,11.75,-0.75,0.25
608c0e17-9c44-4c6f-8e92-54ca8f855f89,Rasmus Nissen Kristensen,Denmark,28,50,Pass,9,55.300000000000004,6.0,False,0.0,False,60.62256731037935,61.720972747294404,-10.156794221809086,6.0,23.086539078777715,72.24070874513897,0.0,3857254,Rasmus Kristensen,0.829,True,14.0,12.0,15.0,13.75,12.75,0.25,-0.75
09f08c32-ed4f-4ff1-ac87-872a227ba700,Simon Thorup Kjær,Denmark,35,5,Interception,11,31.9,5.0,False,0.0,False,77.43598828565126,75.30229861807332,3.1660301439274505,5.0,25.15788499743249,97.03653950960947,0.0,3857254,Simon Kjær,0.759,True,11.0,9.0,12.0,13.75,12.75,-2.75,-3.75
f7d1818e-9c07-4139-966e-37c59201544f,Aïssa Bilal Laïdouni,Tunisia,50,14,Interception,9,78.6,9.0,False,0.0,False,97.1712619554377,92.79341050728029,0.9204928203460128,4.0,33.63731970137954,100.60521855251844,0.0,3857254,Aïssa Laidouni,0.824,True,12.0,12.0,16.0,13.2,12.0,-1.1999999999999993,0.0
74555e58-0be1-4d93-ada6-257ca25ff7d1,Pierre-Emile Højbjerg,Denmark,62,42,Pass,9,44.8,5.0,False,0.0,False,59.211434479681856,71.09742417793876,-11.044369139038892,4.0,33.095160758163715,87.50274281415412,0.0,3857254,Pierre-Emile Højbjerg,1.0,True,14.0,11.0,20.0,13.75,12.75,0.25,-1.75
3c6da14b-ed8f-4429-8726-98b057231ce0,Héctor Alfredo Moreno Herrera,Mexico,4,40,Pass,13,31.4,5.0,False,0.0,False,70.0537652031604,59.466962649027465,13.546284902723308,2.0,26.803742738982095,91.50136611002044,0.0,3857265,Héctor Herrera,0.651,True,12.0,12.0,15.0,12.25,12.0,-0.25,0.0
4684b247-7a86-45e8-a654-9b7d973b6a9b,Jesús Daniel Gallardo Vasconcelos,Mexico,13,39,Pass,11,38.5,5.0,False,0.0,False,,,,,,,,3857265,Jesús Ricardo Angulo,0.604,True,15.0,15.0,18.0,12.25,12.0,2.75,3.0
8b88bc40-1642-492b-b6ce-f72d75f0bf83,Abdou Diallo,Senegal,8,36,Pass,7,25.69999999999999,3.0,False,0.0,False,40.02028664494239,41.414034915072016,-5.624547877298596,7.0,22.776169080054586,61.517233357816075,-1.0,3857301,Abdou Diallo,1.0,True,15.0,13.0,14.0,13.4,13.8,1.5999999999999996,-0.8000000000000007
17a14dd3-79ce-4b38-a433-bbce67d2e267,Assim Omer Al Haj Madibo,Qatar,33,5,Duel,14,72.1,10.0,False,0.0,False,72.97060905403777,75.43415155485724,-5.942528830216709,4.0,51.951519131633326,83.55082285651052,0.0,3857301,Assim Omer Madibo,0.829,True,14.0,14.0,14.0,16.0,13.5,-2.0,0.5
7f31ad55-72b2-41b2-ae32-0d1b0eb6b5fc,Ismaeel Mohammad Mohammad,Qatar,86,45,Ball Recovery,5,18.39999999999999,2.0,False,0.0,False,37.072723081580996,52.05573833102821,-9.885320191226356,5.0,28.660051249211634,52.055739356962356,-1.0,3857301,Ismael Mohammed,0.7,True,14.0,14.0,14.0,16.0,13.5,-2.0,0.5
a33e2fbd-53d4-43d7-9706-56c43d6dda08,Assim Omer Al Haj Madibo,Qatar,93,40,Ball Recovery,11,63.3,7.0,True,0.057101198,False,57.362795939160435,41.69158778294208,10.419472922195808,1.0,19.363194862189445,71.0192227499006,0.0,3857301,Assim Omer Madibo,0.829,True,14.0,14.0,14.0,16.0,13.5,-2.0,0.5
db4e89d7-6481-41e6-aa9e-c49dd498a826,Axel Witsel,Belgium,64,47,Pass,9,55.00000000000001,8.0,False,0.0,False,39.53729792369546,41.86107090823447,-2.2461509922956395,4.0,40.13920572917003,68.58804560563014,0.0,3857268,Axel Witsel,1.0,True,10.0,10.0,14.0,13.8,13.4,-3.8000000000000007,-3.4000000000000004
db78db3c-78a3-495b-a891-aa3319e7ea28,Ikoma Loïs Openda,Belgium,82,33,Ball Recovery,5,47.6,5.0,False,0.0,False,70.66263564655033,76.11386050247091,-3.536890099469062,1.0,29.748796770313923,76.11386207518312,0.0,3857268,Lois Openda,0.786,True,15.0,16.0,13.0,13.8,13.4,1.1999999999999993,2.5999999999999996
dde25958-2379-4cbc-a91f-6245cad862f1,Éder Gabriel Militão,Brazil,59,41,Pass,7,26.5,3.0,False,0.0,False,94.7886836620822,84.96876305255124,9.656344810435755,4.0,22.445914552255424,107.03046295331063,0.0,3857269,Éder Militão,0.75,True,15.0,15.0,16.0,14.5,13.5,0.5,1.5
9b85f44e-5cd9-472b-89a0-2f5b5705524e,Alex Sandro Lobo Silva,Brazil,60,20,Duel,6,21.199999999999996,3.0,False,0.0,False,86.45126416263034,85.82888279877379,-1.9135405581978375,6.0,30.41346532028635,110.99333313312111,0.0,3857269,Alessandro Silva,0.789,True,12.0,12.0,7.0,14.5,13.5,-2.5,-1.5
6666a4e1-9ffe-4bc3-92d5-4524d29dd3cf,Bruno Guimarães Rodriguez Moura,Brazil,70,56,Ball Recovery,8,64.4,8.0,True,0.038312852,False,64.15024066350949,62.964113495714855,0.5534273988623539,4.0,33.59811445573231,76.6,0.0,3857269,Bruno Guimarães,0.652,True,12.0,12.0,4.0,14.5,13.5,-2.5,-1.5
fc7f2f9a-135d-48b5-a9d6-202b78a3f083,Renato Steffen,Switzerland,89,56,Pass,9,20.999999999999996,3.0,False,0.0,False,85.24427536861269,97.51681630057934,-9.39148347068609,3.0,35.263814099571725,103.67921681802964,0.0,3857269,Renato Steffen,1.0,True,15.0,13.0,14.0,13.25,13.5,1.75,-0.5
11da65eb-2af2-44ba-bc48-5cd670e5618a,Andries Noppert,Netherlands,12,44,Ball Recovery,14,64.2,10.0,False,0.0,False,99.13714659464578,98.0228757720545,1.1678536558474661,6.0,37.41935389007725,116.55453659124557,0.0,3869321,Andries Noppert,1.0,True,7.0,7.0,12.0,12.0,12.2,-5.0,-5.199999999999999
a5281fe1-21e9-4e66-a90c-386f26fea231,Keylor Navas Gamboa,Costa Rica,0,47,Ball Recovery,10,64.1,24.0,False,0.0,False,81.70686641060776,94.52410640311268,-9.48981782096324,1.0,0.0,109.30370533518065,0.0,3857292,Keylor Navas,0.774,True,13.0,12.0,14.0,14.75,14.25,-1.75,-2.25
c32e6674-cbcb-4e7f-ae52-5dcdc5b969b3,Juan Pablo Vargas Campos,Costa Rica,45,48,Ball Recovery,15,59.3,12.0,False,0.0,False,88.56946816567336,77.18601363427325,13.91313388269571,5.0,29.324873583327815,99.27618042612237,0.0,3857292,Juan Pablo Vargas,0.829,True,12.0,12.0,12.0,14.75,14.25,-2.75,-2.25
045339e2-98e6-429c-8aac-a64aaf90e2a4,Keylor Navas Gamboa,Costa Rica,60,13,Goal Keeper,3,118.2,1.0,True,0.1066145,True,,,,,,,,3857292,Keylor Navas,0.774,True,13.0,12.0,14.0,14.75,14.25,-1.75,-2.25
e1ab89ca-877f-452b-933c-6a7a0e3f2e9b,Jamal Musiala,Germany,75,8,Ball Recovery,14,88.6,10.0,True,0.36338806,True,85.6845070438756,88.01581986225436,-2.233135794847783,3.0,25.918296144316358,90.1563087088197,0.0,3857292,Jamal Musiala,1.0,True,15.0,15.0,12.0,11.5,10.0,3.5,5.0
789ab1ae-12fd-42d5-8196-ae8336f82453,Jamal Musiala,Germany,85,15,Interception,9,59.2,8.0,True,0.11890341,True,51.6668065989098,46.40286353669306,2.853369588988926,3.0,37.8445390539695,62.26917375395309,0.0,3857292,Jamal Musiala,1.0,True,15.0,15.0,12.0,11.5,10.0,3.5,5.0
7f3af0d9-6d50-439c-a683-2e3cd32f4941,Kendall Jamaal Waston Manley,Costa Rica,36,37,Duel,6,26.8,6.0,False,0.0,False,82.26039656176044,78.78699495676008,4.50071265819885,2.0,34.75659657664705,93.51245906295054,0.0,3857295,Kendall Waston,0.667,True,11.0,8.0,15.0,12.25,12.25,-1.25,-4.25
3d25d703-05f9-41ce-9dae-a9c6a9621153,Junya Ito,Japan,73,27,Ball Recovery,10,82.69999999999999,9.0,False,0.0,False,96.18281755586966,96.70551007284776,-0.013046493791748048,2.0,14.008206400911682,107.1240402524102,0.0,3857295,Jun'ya Itô,1.0,True,16.0,17.0,12.0,11.5,10.25,4.5,6.75
9afa860b-47cd-4be3-84cc-9f0846027721,Nahuel Molina Lucero,Argentina,35,12,Pass,13,94.1,10.0,True,0.30340916,True,70.69031206087239,75.66827534453854,-5.800400067793859,5.0,22.86836301316376,99.3279920264172,0.0,3869685,Nahuel Molina,0.788,True,15.0,15.0,13.0,16.25,16.0,-1.25,-1.0
d5c4e631-08de-4af2-bcbf-0b34f810bb95,Eduardo Camavinga,France,78,6,Pass,9,68.0,7.0,False,0.0,False,62.70221523006883,59.392966355747674,4.318314809748749,4.0,32.394708659709124,86.0720628310952,0.0,3869685,Eduardo Camavinga,1.0,True,14.0,14.0,15.0,12.0,12.0,2.0,2.0
dafead35-247b-4c50-9a30-4672cee79138,Marcus Thuram,France,83,56,Ball Recovery,8,58.1,7.0,False,0.0,False,50.45123896686626,53.59728563005508,-0.8946770500469938,4.0,19.257338776849593,63.734213731715556,0.0,3869685,Marcus Thuram,1.0,True,17.0,14.0,12.0,12.0,12.0,5.0,2.0
a58d62d2-dc55-4743-8f3a-0f72116537be,Eduardo Camavinga,France,92,51,Duel,5,34.5,6.0,True,0.0324491,False,,,,,,,,3869685,Eduardo Camavinga,1.0,True,14.0,14.0,15.0,12.0,12.0,2.0,2.0
4646a879-196e-4628-8e67-899ae4079f45,Eduardo Camavinga,France,98,42,Ball Recovery,14,60.699999999999996,14.0,False,0.0,False,34.96804286167931,32.36366210057947,2.359665006886175,5.0,29.12193226706028,74.461533693579,0.0,3869685,Eduardo Camavinga,1.0,True,14.0,14.0,15.0,12.0,12.0,2.0,2.0
9a5b6dc6-8fad-4f7a-abf7-4a1572da37c8,Nicolás Alejandro Tagliafico,Argentina,105,35,Duel,8,54.7,6.0,True,0.14029205,True,39.851671844248855,37.03148066955189,2.8274166600812407,4.0,28.75490917475167,65.70426165782551,0.0,3869685,Nicolás Tagliafico,0.783,True,13.0,13.0,16.0,16.25,16.0,-3.25,-3.0
6357653d-b648-40e6-ba29-84498c9917a9,Andrej Kramarić,Croatia,17,21,Block,10,10.399999999999991,8.0,True,0.13429043,True,5.288918571246958,12.319905687194497,-7.056280221093587,2.0,5.671264963718102,12.319902597017556,0.0,3869684,Andrej Kramarić,1.0,True,13.0,14.0,16.0,14.75,14.0,-1.75,0.0
c9745913-8556-4dbd-a10f-559d2388b635,Joško Gvardiol,Croatia,61,49,Pass,8,22.9,4.0,False,0.0,False,63.00531723587652,48.660975276919515,7.263520496781098,4.0,42.457380437614916,74.12131947017674,0.0,3869684,Joško Gvardiol,1.0,True,17.0,14.0,14.0,14.75,14.0,2.25,0.0
02900aba-116d-481a-8f71-aa5a6da4004f,Josip Stanišić,Croatia,72,52,Pass,10,36.5,6.0,False,0.0,False,73.71296650832643,72.09580920594175,1.2456362138182016,5.0,67.0573544403623,99.62595043461317,0.0,3869684,Josip Stanišić,1.0,True,15.0,12.0,14.0,14.75,14.0,0.25,-2.0
5008f40f-0113-4194-a074-86cbcd082769,Granit Xhaka,Switzerland,24,59,Ball Recovery,8,29.499999999999996,3.0,False,0.0,False,86.23849590079647,95.04733195029742,-8.149041447819883,4.0,16.14267976519764,98.3610187015161,0.0,3857256,Granit Xhaka,1.0,True,12.0,10.0,15.0,13.4,12.2,-1.4000000000000004,-2.1999999999999993
b22d3bda-aa88-40d3-99e0-33dd956fe3b4,Dušan Tadić,Serbia,34,23,Ball Recovery,9,39.2,5.0,True,0.15928414,True,26.092409222730073,50.4863873549306,-12.407271943273741,3.0,30.48401959497501,43.87174489349609,-1.0,3857256,Dušan Tadić,1.0,True,13.0,13.0,14.0,14.0,12.75,-1.0,0.25
a752ecb0-88cd-4ce9-a062-bd440b653d3e,Sergej Milinković-Savić,Serbia,43,4,Ball Recovery,13,87.9,14.0,False,0.0,False,95.91900107374828,85.02191559870998,14.580801157397772,3.0,32.63754499892697,109.37664284480486,0.0,3857256,Sergej Milinković-Savić,1.0,True,12.0,12.0,18.0,14.0,12.75,-2.0,-0.75
75d038bc-f135-40f2-8e3b-e2c1f2396acd,Strahinja Pavlović,Serbia,45,36,Pass,5,35.2,4.0,False,0.0,False,,,,,,,,3857256,Strahinja Pavlović,1.0,True,13.0,11.0,14.0,14.0,12.75,-1.0,-1.75
81972f10-c575-4c0f-8690-74edbafb3219,Lionel Andrés Messi Cuccittini,Argentina,88,4,Ball Recovery,8,44.900000000000006,7.0,True,0.24890411,True,35.27989823447215,42.5047874305452,-7.134155764469014,2.0,21.86066934320465,51.197363213353086,-2.0,3869151,Lionel Messi,1.0,True,15.0,15.0,12.0,12.25,11.0,2.75,4.0
dbcec420-927a-45a3-8eb9-28785ab4f8eb,Mathias Jensen,Denmark,2,59,Duel,9,36.2,5.0,False,0.0,False,75.75825028775368,80.53247617155928,-2.925921735298985,2.0,13.683974920965426,80.53247792040177,0.0,3857257,Mathias Jensen,1.0,True,8.0,7.0,6.0,12.25,11.0,-4.25,-4.0
5caed0ba-a7c9-413d-a88a-bf190849ce3a,Harry Souttar,Australia,59,43,Duel,17,105.8,13.0,True,0.11353828,True,84.39263915199707,95.20598532314816,-11.42198275517454,4.0,17.690352717346407,106.051544071739,0.0,3857257,Harry Souttar,1.0,True,12.0,7.0,15.0,13.75,12.75,-1.75,-5.75
6d785297-fb65-4953-a270-701a2e9335d2,Harry Souttar,Australia,84,50,Pass,4,42.8,5.0,True,0.035468098,False,48.47627045280996,41.13839721649258,5.629033799507454,4.0,22.7100357094559,62.59241168065024,0.0,3857257,Harry Souttar,1.0,True,12.0,7.0,15.0,13.75,12.75,-1.75,-5.75
895a6c91-67c2-4240-be10-0e114bb16b7d,Robert Skov,Denmark,94,4,Ball Recovery,8,44.60000000000001,7.0,True,0.08217044,False,31.599665133901333,42.887778700456266,-2.619728460247714,8.0,23.35824004689629,58.14232537489363,-2.0,3857257,Robert Skov,1.0,True,13.0,13.0,14.0,12.25,11.0,0.75,2.0
6b38bea3-544d-4518-8521-128147d4f53a,Nemanja Gudelj,Serbia,33,14,Pass,7,21.400000000000002,2.0,False,0.0,False,83.19983014855094,72.32953813377799,8.353409727638592,5.0,28.470433377186154,95.50130889155395,0.0,3857258,Nemanja Gudelj,1.0,True,11.0,12.0,15.0,12.75,12.5,-1.75,-0.5
49f85875-9ccf-49a0-b97c-0c24c960746a,Carlos Henrique Casimiro,Brazil,48,3,Duel,8,49.99999999999999,7.0,False,0.0,False,46.166576905115086,44.94151006222016,0.2580745960432864,5.0,51.10468725413725,75.76384361949967,0.0,3857258,Carlos Henrique,0.769,True,12.0,13.0,12.0,12.8,12.0,-0.8000000000000007,1.0
453e9523-0bdc-45bc-8f10-6a1f31e57718,Aïssa Bilal Laïdouni,Tunisia,37,11,Pass,8,41.5,6.0,True,0.031703874,False,45.22110137943755,43.514966785531485,8.725978334019672,3.0,41.2306288490031,55.62023013256956,1.0,3857288,Aïssa Laidouni,0.824,True,12.0,12.0,16.0,12.75,11.25,-0.75,0.75
bf263f76-90ed-41f0-82d8-d494a57ea753,Montassar Omar Talbi,Tunisia,61,5,Ball Recovery,3,25.5,4.0,False,0.0,False,67.1446981032573,77.04913184251615,-6.011602188804311,3.0,15.460318080296275,93.28204543211946,0.0,3857288,Montassar Talbi,0.857,True,14.0,12.0,13.0,12.75,11.25,1.25,0.75
901ce519-5e42-430e-88fa-615af3fafd65,Ali Abdi,Tunisia,84,5,Pass,7,34.00000000000001,4.0,False,0.0,False,72.69392543092972,85.85593197481029,-14.411550202091362,3.0,30.96092049863031,91.5924123494954,0.0,3857288,Ali Abdi,1.0,True,13.0,13.0,13.0,12.75,11.25,0.25,1.75
a7666408-de49-4e9c-9c54-e82ee5f6b3a7,Wajdi Kechrida,Tunisia,85,22,Pass,9,84.8,10.0,True,0.012915949,False,98.64173180037355,94.69977153996122,3.555595097020664,3.0,28.6963328425717,106.20287190090482,0.0,3857288,Wajdi Kechrida,1.0,True,14.0,14.0,13.0,12.75,11.25,1.25,2.75
42e58c16-9fa6-4769-b85c-61832272b392,Carlos Armando Gruezo Arboleda,Ecuador,18,11,Pass,8,55.5,7.0,False,0.0,False,,,,,,,,3857267,Carlos Gruezo,0.605,True,11.0,13.0,13.0,16.0,13.5,-5.0,-0.5
98f9b404-dc76-4d82-a42d-23b5c85d9bf1,Ismail Jakobs,Senegal,61,38,Pass,6,41.89999999999999,5.0,False,0.0,False,71.65169106751826,69.36492019005654,-2.6368698928973373,6.0,16.710695997803356,90.88421205027856,0.0,3857267,Ismail Jakobs,1.0,True,18.0,15.0,15.0,14.0,14.25,4.0,0.75
c4e104b0-fef9-4294-acd7-436430ede294,José Adoni Cifuentes Charcopa,Ecuador,86,42,Pass,14,54.2,8.0,False,0.0,False,,,,,,,,3857267,José Cifuentes,0.651,True,13.0,14.0,16.0,16.0,13.5,-3.0,0.5
3126ba4e-5901-4c00-a289-ea1f1642e13e,Woo-Young Jung,South Korea,88,24,Ball Recovery,10,51.599999999999994,8.0,False,0.0,False,71.07241684000448,76.69615558176699,-5.853599481927191,4.0,11.984920590448098,87.88338864654685,0.0,3857287,Woo-yeong Jeong,0.815,True,15.0,15.0,14.0,10.5,10.5,4.5,4.5
0696e240-a821-4534-ab8a-b082d8af46a7,Yahia Attiyat allah,Morocco,46,40,Duel,12,118.0,18.0,True,0.082217455,False,,,,,,,,3869486,Yahia Attiyat allah,1.0,True,12.0,13.0,12.0,11.666666666666666,10.666666666666666,0.3333333333333339,2.333333333333334
319504e1-0f4c-4231-b621-d78a6fe19b67,Yahia Attiyat allah,Morocco,76,53,Ball Recovery,10,114.5,15.0,False,0.0,False,100.68170055383213,91.38931511193962,7.192170071817969,5.0,21.320200532331526,120.34990652260599,0.0,3869486,Yahia Attiyat allah,1.0,True,12.0,13.0,12.0,11.666666666666666,10.666666666666666,0.3333333333333339,2.333333333333334
41e50461-e5a8-4673-9141-e89dfcdbd5c0,Orbelín Pineda Alvarado,Mexico,30,11,Ball Recovery,6,19.6,3.0,False,0.0,False,47.985011601173476,55.39079009446762,-2.294958047537932,5.0,25.727635500051846,61.40032573203501,0.0,3857260,Orbelín Pineda,0.757,True,13.0,15.0,15.0,13.0,11.75,0.0,3.25
251e1026-9dfb-4857-915a-9ad285dcdd9f,Héctor Alfredo Moreno Herrera,Mexico,65,51,Pass,12,68.1,10.0,True,0.05300886,False,56.40997640697337,50.59890054943101,1.473390762517667,7.0,28.53143661284861,77.08002335235764,0.0,3857260,Héctor Herrera,0.651,True,12.0,12.0,15.0,13.0,11.75,-1.0,0.25
82ba75bf-46e9-4536-84ff-5b50802052c6,Francisco Guillermo Ochoa Magaña,Mexico,72,53,Ball Recovery,13,89.10000000000001,12.0,False,0.0,False,104.9193514958392,85.94403445675937,17.041589076445668,1.0,0.0,116.40210479196672,0.0,3857260,Francisco Aguilera,0.68,True,12.0,11.0,12.0,13.0,11.75,-1.0,-0.75
8e2c83d1-8b44-46f8-b2bf-4101acd7d165,Jesús Daniel Gallardo Vasconcelos,Mexico,77,4,Pass,11,73.0,8.0,True,0.26870292,True,56.7506750839229,60.01569333310876,-3.022172792676052,8.0,37.295645994774105,87.45375921022492,0.0,3857260,Jesús Ricardo Angulo,0.604,True,15.0,15.0,18.0,13.0,11.75,2.0,3.25
295a24ca-2d11-4b58-91e3-3734e7a06daa,Francisco Guillermo Ochoa Magaña,Mexico,87,59,Ball Recovery,10,94.39999999999999,13.0,True,0.06664524,False,90.69312885358059,84.20523082578245,8.952791762384273,3.0,13.95845088003611,111.42611902063177,0.0,3857260,Francisco Aguilera,0.68,True,12.0,11.0,12.0,13.0,11.75,-1.0,-0.75
8da433e1-8a80-43aa-86a8-9b796e8587d6,Firas Tariq Nasser Al Albirakan,Saudi Arabia,90,5,Ball Recovery,9,38.4,5.0,False,0.0,False,86.963678242453,88.79629657748049,-1.4942429621603281,2.0,25.289725986742816,109.8030964954996,0.0,3857260,Firas Al-Buraikan,1.0,True,12.0,13.0,12.0,13.75,12.25,-1.75,0.75
3cc2879f-a6c1-4c56-a636-e5030648f7d0,Lionel Andrés Messi Cuccittini,Argentina,63,18,Ball Recovery,7,26.299999999999997,5.0,True,0.023947677,False,37.38452652335208,39.98099234436712,-13.948712075460762,2.0,36.3768059848746,39.980995485355294,-2.0,3857264,Lionel Messi,1.0,True,15.0,15.0,12.0,12.25,12.0,2.75,3.0
911ebe6f-a7b8-4bb1-8116-95960ccfbd4b,Fabian Lukas Schär,Switzerland,40,3,Pass,6,22.3,3.0,False,0.0,False,59.113334498026525,58.22826767212409,3.3800035536084536,8.0,42.905400382156145,91.24954794408573,0.0,3869254,Fabian Schär,0.8,True,13.0,10.0,13.0,11.666666666666666,10.666666666666666,1.333333333333334,-0.6666666666666661
7bef39fd-2d50-465a-80b1-2ce5d9d11c49,Otávio Edmilson da Silva Monteiro,Portugal,52,27,Pass,5,37.5,5.0,True,0.043932665,False,,,,,,,,3869254,Otávio,1.0,True,13.0,13.0,15.0,13.6,12.8,-0.5999999999999996,0.1999999999999993
f8666ce9-3ccb-47ed-94ec-41f0f85b0b16,Bruno Miguel Borges Fernandes,Portugal,74,45,Ball Recovery,11,36.8,6.0,False,0.0,False,52.02485833261802,56.04767185768283,-5.70501745554288,7.0,29.49147109422716,73.35720823477403,0.0,3869254,Bruno Fernandes,0.682,True,14.0,13.0,19.0,13.6,12.8,0.40000000000000036,0.1999999999999993
b74d62f4-98b0-482e-8bea-50010ac4fdea,Pathé Ismaël Ciss,Senegal,3,45,Ball Recovery,10,52.7,6.0,False,0.0,False,58.003182096824574,56.25792447024632,6.683209892664593,2.0,22.108094620962994,72.13667583136889,0.0,3869118,Pathé Ciss,0.741,True,14.0,14.0,16.0,15.0,14.5,-1.0,-0.5
e82dffb9-34db-4e57-a58c-5d637ff275cd,Bukayo Saka,England,31,3,Ball Recovery,8,35.4,4.0,False,0.0,False,109.39296286894717,105.04519434315623,1.9459750491555425,4.0,30.375004619171,120.20120631674209,0.0,3869118,Bukayo Saka,1.0,True,15.0,17.0,15.0,16.0,13.5,-1.0,3.5
de2677d0-0c33-431c-bce5-ab43a7bb2606,Ismail Jakobs,Senegal,35,39,Pass,10,57.0,9.0,False,0.0,False,71.60328050038778,73.6555961367145,3.0822966366225586,6.0,34.91642795933696,100.39865536948193,0.0,3869118,Ismail Jakobs,1.0,True,18.0,15.0,15.0,15.0,14.5,3.0,0.5
2a3d2b69-37c1-41b0-882e-e4bed278d850,Luke Shaw,England,42,21,Pass,7,58.7,6.0,False,0.0,False,42.867454066992515,46.1691321277326,-3.829043384951433,6.0,43.0698572611479,62.280735384226155,0.0,3869118,Luke Shaw,1.0,True,15.0,15.0,15.0,16.0,13.5,-1.0,1.5
977616ab-252c-4c09-a199-ffc50e79fd17,Eric Dier,England,82,33,Pass,6,37.4,3.0,False,0.0,False,58.64592381607751,54.58416173680679,-1.0099765666351175,5.0,18.953209784339478,75.94116143436311,0.0,3869118,Eric Dier,1.0,True,14.0,11.0,13.0,16.0,13.5,-2.0,-2.5
1e6cb181-f3bb-4f2f-a06d-7d9aad716a02,Nicolás Hernán Otamendi,Argentina,38,15,Pass,13,98.8,11.0,True,0.36172354,True,86.84772829453512,90.72787205433006,-1.574468197592381,3.0,41.927288302319404,99.10741647323877,0.0,3869519,Nicolás Otamendi,0.821,True,10.0,10.0,15.0,15.0,13.5,-5.0,-3.5
3df624c8-51e6-4715-8c64-69e278d85229,Dominik Livaković,Croatia,47,35,Ball Recovery,9,96.5,7.0,False,0.0,False,71.76187414329824,81.53721387648156,-6.448522595641329,3.0,24.323143998118844,108.96247060341464,0.0,3869519,Dominik Livaković,1.0,True,10.0,11.0,11.0,12.0,12.0,-2.0,-1.0
528816ee-0d2f-4abf-958c-997389061554,Theo Bernard François Hernández,France,51,5,Pass,11,54.300000000000004,6.0,False,0.0,False,85.20160345633555,74.52756559369517,3.771881602031769,2.0,36.07720948836112,91.78518398957426,0.0,3869354,Theo Hernández,0.622,True,18.0,17.0,16.0,15.0,14.5,3.0,2.5
be787f51-070e-445e-b8ec-4896710cdb31,Luke Shaw,England,61,52,Pass,17,48.8,9.0,False,0.0,False,88.69897887501135,97.02725210367856,-10.915803006654443,4.0,23.49751919626283,110.67217355776472,0.0,3869354,Luke Shaw,1.0,True,15.0,15.0,15.0,16.25,16.0,-1.25,-1.0
323f466c-0e23-49d5-8d75-f0eb1f45c9d0,Jules Koundé,France,63,5,Pass,5,45.099999999999994,6.0,False,0.0,False,93.32367767169046,87.56443812346787,6.810578283333655,3.0,52.68381675129919,107.61384669270028,0.0,3869354,Jules Koundé,1.0,True,14.0,15.0,15.0,15.0,14.5,-1.0,0.5
4150cc04-cda6-4217-a084-5675f8849977,Olivier Giroud,France,32,23,Block,1,0.0,0.0,False,0.0,False,4.45832985874625,10.002002790164699,-5.38825015126767,1.0,11.925911327190391,10.001999800039988,-3.0,3869552,Olivier Giroud,1.0,True,12.0,9.0,12.0,14.4,13.8,-2.4000000000000004,-4.800000000000001
f82be48d-f92a-4206-818e-d62389b7d45d,Aurélien Djani Tchouaméni,France,35,2,Ball Recovery,14,73.6,12.0,True,0.2635025,True,53.78273716911088,63.58546657109117,-9.956480764119128,7.0,31.242101686345237,74.38817110266928,0.0,3869552,Aurélien Tchouameni,0.864,True,14.0,14.0,17.0,14.4,13.8,-0.40000000000000036,0.1999999999999993
005c32f4-d737-48c1-9573-54460c05bcd8,Aurélien Djani Tchouaméni,France,59,20,Interception,10,68.0,6.0,False,0.0,False,92.82243825471659,94.00361629911056,-4.082426583299338,2.0,20.742565588858113,100.18482919085103,0.0,3869552,Aurélien Tchouameni,0.864,True,14.0,14.0,17.0,14.4,13.8,-0.40000000000000036,0.1999999999999993
8bfbd9a5-f940-421b-a52f-26a3c257457f,Jules Koundé,France,60,29,Pass,9,38.300000000000004,4.0,False,0.0,False,,,,,,,,3869552,Jules Koundé,1.0,True,14.0,15.0,15.0,14.4,13.8,-0.40000000000000036,1.1999999999999993
afa3343a-32cc-4fb9-a079-53ebb2adfc94,Jules Koundé,France,68,55,Pass,11,67.7,9.0,False,0.0,False,61.38238007673313,68.34425887407569,-3.595188115251837,5.0,39.672360660689996,92.32518616282341,0.0,3869552,Jules Koundé,1.0,True,14.0,15.0,15.0,14.4,13.8,-0.40000000000000036,1.1999999999999993
b912300f-63bd-446c-b2fa-4e18c92f9cc7,Youssouf Fofana,France,69,36,Ball Recovery,10,51.599999999999994,8.0,False,0.0,False,76.20424897446115,79.83907528186127,-2.513409756796193,4.0,5.715797269814175,85.68949760618275,0.0,3869552,Youssouf Fofana,1.0,True,12.0,13.0,16.0,14.4,13.8,-2.4000000000000004,-0.8000000000000007
b9431fad-89a7-4bb8-b2e8-db51d3d6458f,Nayef Aguerd,Morocco,9,44,Duel,7,25.199999999999996,4.0,False,0.0,False,44.05116197428712,51.428568818668865,-8.42823241001949,5.0,43.083211463377104,59.41422388620422,0.0,3869220,Nayef Aguerd,1.0,True,11.0,13.0,13.0,13.75,14.0,-2.75,-1.0
db88aef1-071d-4b16-9974-d11f479d0cb4,Azzedine Ounahi,Morocco,48,23,Duel,11,70.2,8.0,False,0.0,False,86.35100761428639,94.91358239699751,-14.001658576996135,4.0,32.49719170756659,102.76546112386204,0.0,3869220,Azzedine Ounahi,1.0,True,13.0,13.0,15.0,13.75,14.0,-0.75,-1.0
9ad9955a-4cb5-4a66-8035-5de834c45dec,Yahia Attiyat allah,Morocco,98,0,Duel,8,31.0,5.0,False,0.0,False,65.85280160277611,73.83035841650475,-6.473940068266742,6.0,41.737123800386975,95.51554847248693,0.0,3869220,Yahia Attiyat allah,1.0,True,12.0,13.0,12.0,13.75,14.0,-1.75,-1.0
aa5a4910-8d97-4bad-a41a-2ff2f82b3659,Sofyan Amrabat,Morocco,113,51,Duel,11,81.5,12.0,False,0.0,False,85.89475122847718,81.90536914062253,4.801412506537474,1.0,9.087996430061963,91.32190317771526,0.0,3869220,Sofyan Amrabat,1.0,True,14.0,14.0,14.0,13.75,14.0,0.25,0.0
f24e6399-cd8b-4ee6-9975-1d17f0986b3d,Rodrigo Hernández Cascante,Spain,116,11,Pass,8,105.6,12.0,False,0.0,False,92.19367338070113,95.15695093911302,-2.0235541405558877,6.0,14.021699737550598,108.03332819088746,0.0,3869220,Rodrigo Hernando,0.714,True,12.0,12.0,12.0,14.0,14.25,-2.0,-2.25
7f2b824d-4213-416b-bc3d-babd2a819b42,Rodrigo Hernández Cascante,Spain,117,7,Pass,12,70.8,7.0,False,0.0,False,57.27906323036574,60.71890861948869,-3.4203405729572793,8.0,12.330536558065091,79.29016332433677,0.0,3869220,Rodrigo Hernando,0.714,True,12.0,12.0,12.0,14.0,14.25,-2.0,-2.25
78ebbf53-94fa-499e-8459-e330ad6d8be3,Hidemasa Morita,Japan,45,21,Ball Recovery,6,51.0,6.0,True,0.03904812,False,34.63611252671977,37.27779450931942,-3.147875547485313,5.0,9.853023888610636,52.172789842982326,0.0,3869219,Hidemasa Morita,1.0,True,13.0,12.0,14.0,14.0,13.25,-1.0,-1.25
1a8d00ba-1555-47a0-9030-381373f682ef,Shūichi Gonda,Japan,67,7,Ball Recovery,7,76.2,6.0,False,0.0,False,96.555944146543,100.09768689149823,-1.7013749534283988,7.0,20.27792117938815,116.05278971226845,0.0,3869219,Shūichi Gonda,0.56,False,,,,14.0,13.25,,
ecace99f-c6bd-41b5-93a9-baf8785e0a04,Hiroki Sakai,Japan,106,10,Pass,10,71.5,8.0,False,0.0,False,101.19802104336223,94.96084493936124,6.353192504186737,3.0,14.115641008980724,110.82747854210164,0.0,3869219,Hiroki Itô,0.727,True,14.0,12.0,13.0,14.0,13.25,0.0,-1.25
fe776ae4-4020-49bd-9882-3f605b96850e,Carlos Henrique Casimiro,Brazil,25,41,Pass,5,69.3,8.0,False,0.0,False,64.3216959311875,65.0709757120931,-1.7217700387946664,6.0,12.850087710089845,83.35640347327852,0.0,3869253,Carlos Henrique,0.769,True,12.0,13.0,12.0,13.25,13.25,-1.25,-0.25
35af0cf6-5ff3-4074-9ea2-9e183f473bbb,Carlos Henrique Casimiro,Brazil,46,6,Pass,9,61.400000000000006,7.0,False,0.0,False,57.89137617762416,50.75051318016527,6.784616208860946,4.0,27.975570494009986,66.71986211016926,0.0,3869253,Carlos Henrique,0.769,True,12.0,13.0,12.0,13.25,13.25,-1.25,-0.25
bb82f61f-edb1-4956-8436-a0f181c0fda8,Raphael Dias Belloli,Brazil,47,55,Ball Recovery,15,106.9,14.0,True,0.26870713,True,87.93932509062044,101.39365158114978,-15.844092237506004,3.0,22.575827380288345,109.78437958106791,0.0,3869253,Raphael Mello,0.727,True,8.0,10.0,10.0,13.25,13.25,-5.25,-3.25
74992d64-e0c1-43f8-af6b-ed7fb74b352c,Danilo Luiz da Silva,Brazil,67,5,Pass,8,27.400000000000002,4.0,False,0.0,False,73.04326743566155,70.66585287338567,3.5193329355625593,6.0,35.10110215078306,94.87043796673441,0.0,3869253,Danilo Silva,0.75,True,13.0,11.0,13.0,13.25,13.25,-0.25,-2.25
1ef33bc4-e663-4fc5-b4b5-aedf787de04d,Adrien Rabiot,France,25,51,Pass,11,71.1,8.0,False,0.0,False,80.19681175894148,83.65664947495102,-3.414433761140316,4.0,35.17325009076462,97.86138155574955,0.0,3869152,Adrien Rabiot,1.0,True,16.0,12.0,18.0,12.25,12.0,3.75,0.0
631705dd-048b-4a7c-b69d-4e422b3d588e,Theo Bernard François Hernández,France,87,37,Pass,6,62.3,7.0,False,0.0,False,107.7811345597479,99.20028260789415,6.097617969847576,3.0,26.78861028981097,110.70654903843766,0.0,3869152,Theo Hernández,0.622,True,18.0,17.0,16.0,12.25,12.0,5.75,5.0
563e5987-71b4-4dcb-82fa-4bed7e015329,Daley Blind,Netherlands,8,12,Interception,9,60.60000000000001,9.0,False,0.0,False,51.546410635597084,59.12966326598779,-7.248435741200829,6.0,24.40844533231253,75.95584243493057,0.0,3869117,Daley Blind,1.0,True,9.0,9.0,14.0,13.75,13.25,-4.75,-4.25
2aaad37f-0274-41e9-9f6f-d97609891ea3,Antonee Robinson,United States,49,48,Ball Recovery,7,22.799999999999997,3.0,False,0.0,False,101.47328054018439,91.0846304932586,9.073995158736572,3.0,21.42399218811976,111.56146288033337,0.0,3869117,Antonee Robinson,1.0,True,17.0,17.0,16.0,14.6,14.2,2.4000000000000004,2.8000000000000007
934bf595-74cd-41e5-8fa6-cff045efb615,José María Giménez de Vargas,Uruguay,56,11,Pass,5,91.5,10.0,False,0.0,False,77.56323193345642,78.32425671819395,-3.0902627052606135,7.0,37.43810972750668,98.21863366999156,0.0,3857270,Cristian de Vargas,0.609,True,7.0,6.0,6.0,11.666666666666666,11.666666666666666,-4.666666666666666,-5.666666666666666
83a5983b-b8a3-4f64-b45a-75321c3f8f35,Daniel Carvajal Ramos,Spain,56,49,Duel,9,60.8,9.0,False,0.0,False,96.86185319554772,98.14496897676793,-0.30212412805155964,7.0,15.1483919533405,119.27954560610969,0.0,3857263,Dani Carvajal,0.765,True,14.0,15.0,16.0,15.5,14.25,-1.5,0.75
58869941-1d4e-45a2-b23a-650fdc694f6d,Jordi Alba Ramos,Spain,62,59,Pass,6,60.6,2.0,False,0.0,False,,,,,,,,3857263,Jordi Alba,0.769,True,15.0,17.0,15.0,15.5,14.25,-0.5,2.75
33e0041c-d1be-4ff1-878e-5d27790ded05,Daniel Carvajal Ramos,Spain,70,53,Ball Recovery,10,95.6,15.0,False,0.0,False,94.01750645400435,105.21518058161577,-12.018012849231738,5.0,35.68036903419042,109.94707817854916,0.0,3857263,Dani Carvajal,0.765,True,14.0,15.0,16.0,15.5,14.25,-1.5,0.75
aa59a19a-d2b2-4fb7-ac33-e7fc9768656e,Lukas Klostermann,Germany,82,18,Ball Recovery,15,57.9,7.0,True,0.16441207,True,31.047329013454515,41.27827016083798,-10.326941546068952,7.0,25.82070846337905,64.84635687530951,-3.0,3857263,Lukas Klostermann,1.0,True,18.0,13.0,17.0,13.75,14.5,4.25,-1.5
bf9213cf-fc70-42d3-9abd-689c01c9773b,Jean-Charles Castelletto,Cameroon,59,27,Interception,23,99.60000000000001,20.0,True,0.05176351,False,96.31650234610481,88.53611557700383,11.713621476814652,3.0,12.179077557728483,107.5492910250923,0.0,3857259,Jean-Charles Castelletto,1.0,True,13.0,12.0,14.0,13.4,12.2,-0.40000000000000036,-0.1999999999999993
a6def006-5601-4c8a-8f6c-3b6a0e44e7e2,Jean-Charles Castelletto,Cameroon,61,39,Ball Recovery,15,99.1,14.0,True,0.02132554,False,90.53180933878441,81.84608620169627,5.869835376159173,4.0,22.91658506544398,102.33264386304108,0.0,3857259,Jean-Charles Castelletto,1.0,True,13.0,12.0,14.0,13.4,12.2,-0.40000000000000036,-0.1999999999999993
a15d0d2a-677b-46d1-afbd-eee187ccc82e,Ngoran Suiru Fai Collins,Cameroon,65,15,Ball Recovery,8,93.8,10.0,True,0.46942416,True,89.46365736429577,75.75276414325589,13.469545208317669,2.0,33.43825656389321,93.803411451823,0.0,3857259,Collins Fai,1.0,True,15.0,15.0,14.0,13.4,12.2,1.5999999999999996,2.8000000000000007
2a9f1b9d-d76d-4111-88f9-4c8ff36f09bd,Saša Lukić,Serbia,84,44,Pass,9,48.4,6.0,False,0.0,False,93.07243730226642,95.54949742894004,-1.5530646530179837,2.0,26.3453645855934,98.11095759394054,0.0,3857259,Saša Lukić,1.0,True,13.0,13.0,14.0,14.666666666666666,14.0,-1.666666666666666,-1.0
137d3000-8423-4da3-a3f9-32d5fbeebd4c,Srđan Babić,Serbia,94,58,Pass,9,35.7,6.0,False,0.0,False,83.66447834291806,73.03062104163084,8.468835781669839,4.0,49.072679350334,94.87217716485692,0.0,3857259,Srđan Babić,1.0,True,11.0,10.0,13.0,14.666666666666666,14.0,-3.666666666666666,-4.0
9788c10a-8d2c-4817-93ca-0005e660ae9d,Thomas Meunier,Belgium,49,21,Pass,9,50.3,5.0,False,0.0,False,68.33099844442367,67.55389282127214,2.18240686329014,7.0,45.130487519760344,101.23210953052396,0.0,3857283,Thomas Meunier,1.0,True,15.0,13.0,15.0,14.0,14.25,1.0,-1.25
1552317a-5fdb-4ecc-a641-8347662746d1,Munir Mohand Mohamedi,Morocco,50,15,Ball Recovery,7,64.6,7.0,False,0.0,False,77.96940326843449,78.08755895590379,-1.208165440424878,3.0,34.325076233360036,105.21996008362672,0.0,3857283,Munir Mohand,0.727,True,14.0,13.0,15.0,12.25,11.25,1.75,1.75
c0d692c0-2269-476b-9a5b-50c227ba6c18,Pervis Josué Estupiñán Tenorio,Ecuador,38,33,Duel,11,78.1,12.0,False,0.0,False,93.88777671415625,95.08482228569663,4.036375805080482,2.0,42.0803155741792,102.62577648914527,0.0,3857286,Pervis Estupiñán,0.696,True,15.0,15.0,18.0,13.2,13.8,1.8000000000000007,1.1999999999999993
555e4e0d-22a1-4957-878c-5a71e9054894,Pervis Josué Estupiñán Tenorio,Ecuador,50,9,Pass,19,53.400000000000006,11.0,False,0.0,False,56.339100449687436,53.03759529654452,-0.7453740216999876,8.0,24.153316397832384,75.5028476284173,0.0,3857286,Pervis Estupiñán,0.696,True,15.0,15.0,18.0,13.2,13.8,1.8000000000000007,1.1999999999999993
c9ad8113-6860-43b8-ae34-84dbed59508b,Homam Alamin Ahmed,Qatar,88,55,Duel,5,36.400000000000006,7.0,False,0.0,False,107.38236891197474,101.07351304553993,7.37336205287005,2.0,10.560423719762,115.0572900775957,0.0,3857286,Homam Ahmed,0.759,True,13.0,14.0,12.0,14.0,14.25,-1.0,-0.25
983eb1b1-e690-4915-9f7b-12691ec9568b,Woo-Young Jung,South Korea,5,31,Ball Recovery,8,48.5,6.0,False,0.0,False,67.76387709504128,72.44730098446499,-5.39875743450488,5.0,37.198492157923454,87.20693779740233,0.0,3857299,Woo-yeong Jeong,0.815,True,15.0,15.0,14.0,13.75,14.25,1.25,0.75
baa9bb51-0c46-41f2-b6b8-32b5e5651cc5,Seung-Gyu Kim,South Korea,27,39,Ball Recovery,9,105.5,8.0,False,0.0,False,,,,,,,,3857299,Seung-bin Kim,0.75,True,9.0,12.0,14.0,13.75,14.25,-4.75,-2.25
4deb5427-9d43-48ab-8b7a-42426caab483,Chang-Hoon Kwon,South Korea,37,22,Pass,8,37.49999999999999,5.0,False,0.0,False,,,,,,,,3857299,Han Kyo-Won,0.667,True,15.0,15.0,13.0,13.75,14.25,1.25,0.75
ce0c68a1-96fd-402e-9626-d44c050cfda5,Lawrence Ati-Zigi,Ghana,48,29,Ball Recovery,7,103.0,25.0,False,0.0,False,92.91428440708845,94.9093564178903,1.2937551581718054,6.0,14.475812903635813,110.64067967976335,0.0,3857299,Lawrence Zigi,0.897,True,8.0,9.0,8.0,13.25,13.25,-5.25,-4.25
cbf09ffb-c6a3-4d34-b85c-4052cb50404e,Moon-Hwan Kim,South Korea,45,9,Pass,10,64.6,7.0,False,0.0,False,61.30430445539476,66.45141922167392,-0.34038969148996756,4.0,12.006684579867596,91.08353308913748,0.0,3857299,Kim Moon-Hwan,0.667,True,13.0,12.0,11.0,13.75,14.25,-0.75,-2.25
ec11bdb3-9657-4405-8de5-614a440a2061,Mohammed Kudus,Ghana,48,18,Ball Recovery,5,39.2,5.0,False,0.0,False,94.28100207714954,101.06478045908561,-4.409413607861836,2.0,16.580991060370614,101.06478120492815,0.0,3857299,Mohammed Kudus,1.0,True,14.0,16.0,13.0,13.25,13.25,0.75,2.75
d4ebff56-4e44-4db3-9969-0d7293e4ca20,Tariq Lamptey,Ghana,67,8,Pass,13,19.599999999999994,4.0,False,0.0,False,81.9437404728808,80.40075173391847,6.174965448585901,4.0,57.185355574419546,92.62337717876628,0.0,3857299,Tariq Lamptey,1.0,True,16.0,20.0,14.0,13.25,13.25,2.75,6.75
63eedb9f-7f1c-485a-8c06-d96bef615077,José María Giménez de Vargas,Uruguay,12,39,Pass,10,62.199999999999996,7.0,False,0.0,False,57.899468315247994,58.28956221437975,-0.5936973684272857,5.0,21.419467755914944,79.15112128075003,0.0,3857293,Cristian de Vargas,0.609,True,7.0,6.0,6.0,11.75,12.75,-4.75,-6.75
b886a046-e694-4a29-ab83-f61f2726ed93,Mohamed Salisu,Ghana,85,55,Pass,12,70.39999999999999,9.0,False,0.0,False,78.82399641937617,76.1152314946116,1.3076969814438257,5.0,31.001298277268496,96.00041666576244,0.0,3857293,Mohammed Salisu,0.966,True,14.0,14.0,15.0,11.25,10.75,2.75,3.25
cce2c8f7-eb46-48d8-9a69-daf1f11bd683,Mohamed Salisu,Ghana,95,46,Interception,9,39.60000000000001,5.0,False,0.0,False,79.75428970087235,74.16579940216053,4.270865786529939,3.0,23.2644273203014,93.04348445753737,0.0,3857293,Mohammed Salisu,0.966,True,14.0,14.0,15.0,11.25,10.75,2.75,3.25
6e4f512d-b371-4ed3-a403-a8df4e648aeb,Joško Gvardiol,Croatia,31,28,Pass,12,79.69999999999999,10.0,False,0.0,False,90.1231319686301,84.82963719023607,3.2710628073451673,3.0,26.698569706878338,102.27614580145264,0.0,3857281,Joško Gvardiol,1.0,True,17.0,14.0,14.0,12.5,12.0,4.5,2.0
ef7d159d-892d-4ec6-aaa3-c2aa88994055,Milan Borjan,Canada,38,35,Ball Recovery,11,79.7,16.0,False,0.0,False,94.945690142957,100.92441131233093,-6.779879494804845,5.0,26.70251859630484,114.56303941498759,0.0,3857281,Milan Borjan,1.0,True,9.0,9.0,10.0,15.0,13.5,-6.0,-4.5
018ed3d7-b249-4f42-8a5a-89f9a2915c86,Borna Sosa,Croatia,46,59,Pass,5,25.799999999999997,2.0,False,0.0,False,25.296917158009162,36.99741267768257,-5.11998634436587,6.0,22.327378316261267,59.29797635670209,2.0,3857281,Borna Sosa,1.0,True,16.0,14.0,13.0,12.5,12.0,3.5,2.0
bff29031-422e-4994-8970-56cde91bd9fc,Atiba Hutchinson,Canada,60,55,Interception,13,48.49999999999999,8.0,False,0.0,False,83.91861467915713,91.43917214045922,-9.462652418954441,2.0,8.03299823381694,97.60327863345574,0.0,3857281,Atiba Hutchinson,1.0,True,8.0,9.0,12.0,15.0,13.5,-7.0,-4.5
809b3e76-658d-45f1-8edb-4b0ece687044,Dominik Livaković,Croatia,62,48,Ball Recovery,13,115.19999999999999,26.0,False,0.0,False,86.86114219125302,88.95643235074114,-1.048860744335613,7.0,14.569456369572897,117.37981087052407,0.0,3857281,Dominik Livaković,1.0,True,10.0,11.0,11.0,12.5,12.0,-2.5,-1.0
75604a24-af03-4da4-a787-7ee572cf7de9,Ederson Santana de Moraes,Brazil,31,29,Ball Recovery,19,89.2,18.0,False,0.0,False,88.00368047780704,83.66857613749919,0.6371968556489094,7.0,18.92328502772044,114.27720682620836,0.0,3857280,Anderson Santana,0.683,True,9.0,9.0,12.0,14.25,13.5,-5.25,-4.5
73a94fbc-eefc-49c3-9299-73a14ede2a75,Daniel Alves da Silva,Brazil,65,17,Duel,5,23.60000000000001,4.0,False,0.0,False,45.343111631987945,50.535436173511705,-7.257177460860447,7.0,28.814774370206635,73.62526740189132,0.0,3857280,Alves da Silva,0.8,True,10.0,11.0,10.0,14.25,13.5,-4.25,-2.5
ac9ec134-6290-4d18-884d-842314740e1c,Daniel Alves da Silva,Brazil,70,39,Duel,10,28.300000000000004,5.0,False,0.0,False,72.70085012508751,66.45783669615092,1.0869500313002831,6.0,65.46404917628631,87.2390967399365,0.0,3857280,Alves da Silva,0.8,True,10.0,11.0,10.0,14.25,13.5,-4.25,-2.5
4b7c8fc1-945d-409a-acb6-a2f22c7bb61b,Gleison Bremer Silva Nascimento,Brazil,80,19,Pass,11,84.1,10.0,False,0.0,False,97.25781834367272,98.31170617344776,-1.169478488921449,8.0,46.195187574233046,110.5797901969433,0.0,3857280,Leonardo Nascimento,0.64,True,13.0,14.0,11.0,14.25,13.5,-1.25,0.5
19ee3ded-9f8f-4d45-870d-d04a98fede03,João Mário Naval da Costa Eduardo,Portugal,71,12,Ball Recovery,11,93.2,10.0,True,0.029762346,False,88.68243518181605,93.20005440935505,-4.97421763578409,3.0,29.312187148255525,93.20005364805323,0.0,3857262,João Mário,1.0,True,13.0,12.0,14.0,13.0,13.5,0.0,-1.5
59f1edb8-a49f-4dac-ae7c-4cf96e1a0ff1,Jin-Su Kim,South Korea,76,20,Ball Recovery,6,35.8,4.0,False,0.0,False,114.03325679048696,112.00892821556681,2.660404938129844,0.0,16.464049199761654,112.00892821556681,0.0,3857262,Min Su Kim,0.842,True,14.0,14.0,5.0,12.0,14.0,2.0,0.0
9fdd1d47-f388-48dc-bd4d-789fcc2434a8,Heung-Min Son,South Korea,90,20,Ball Recovery,6,72.5,8.0,True,0.42196128,True,57.05148847805287,76.75473826540883,-16.030221116891795,2.0,9.804608603514318,76.7547392673573,0.0,3857262,Heung-Min Son,1.0,True,16.0,16.0,16.0,12.0,14.0,4.0,2.0
